AID,YEAR_R,PROD_CODE,FULL_NAME,PROV_CODE,PROVINCE_N,PLANT_AREA,PRODUCT,HARVEST_AREA,DATE_R
1,2564,1,กุ้งกุลาดำ,25,ปราจีนบุรี,12,4,333,7112565
2,2564,1,กุ้งกุลาดำ,24,ฉะเชิงเทรา,832,1646,1978,7112565
3,2564,1,กุ้งกุลาดำ,22,จันทบุรี  ,545,926,1699,7112565
4,2564,1,กุ้งกุลาดำ,23,ตราด,39,45,1150,7112565
5,2564,1,กุ้งกุลาดำ,21,ระยอง,156,201,1288,7112565
6,2564,1,กุ้งกุลาดำ,74,สมุทรสาคร,92,90,978,7112565
7,2564,1,กุ้งกุลาดำ,75,สมุทรสงคราม,24,34,1417,7112565
8,2564,1,กุ้งกุลาดำ,76,เพชรบุรี,36,40,1111,7112565
9,2564,1,กุ้งกุลาดำ,77,ประจวบคีรีขันธ์,264,389,1473,7112565
10,2564,1,กุ้งกุลาดำ,86,ชุมพร,443,821,1853,7112565
11,2564,1,กุ้งกุลาดำ,85,ระนอง,176,324,1841,7112565
12,2564,1,กุ้งกุลาดำ,84,สุราษฎร์ธานี,540,1096,2030,7112565
13,2564,1,กุ้งกุลาดำ,82,พังงา,2177,3211,1475,7112565
14,2564,1,กุ้งกุลาดำ,83,ภูเก็ต,351,779,2219,7112565
15,2564,1,กุ้งกุลาดำ,81,กระบี่,2335,2658,1138,7112565
16,2564,1,กุ้งกุลาดำ,92,ตรัง,498,914,1835,7112565
17,2564,1,กุ้งกุลาดำ,80,นครศรีธรรมราช,87,82,943,7112565
18,2564,1,กุ้งกุลาดำ,93,พัทลุง,9,8,889,7112565
19,2564,1,กุ้งกุลาดำ,90,สงขลา,482,621,1288,7112565
20,2564,1,กุ้งกุลาดำ,91,สตูล,240,533,2221,7112565
21,2564,1,กุ้งกุลาดำ,94,ปัตตานี,28,23,821,7112565
22,2564,1,กุ้งกุลาดำ,96,นราธิวาส,7,8,1143,7112565
23,2563,1,กุ้งกุลาดำ,24,ฉะเชิงเทรา,257,362,1409,7112565
24,2563,1,กุ้งกุลาดำ,22,จันทบุรี  ,565,725,1283,7112565
25,2563,1,กุ้งกุลาดำ,23,ตราด,14,14,1000,7112565
26,2563,1,กุ้งกุลาดำ,21,ระยอง,61,63,1033,7112565
27,2563,1,กุ้งกุลาดำ,75,สมุทรสงคราม,28,53,1893,7112565
28,2563,1,กุ้งกุลาดำ,76,เพชรบุรี,57,85,1491,7112565
29,2563,1,กุ้งกุลาดำ,77,ประจวบคีรีขันธ์,308,549,1782,7112565
30,2563,1,กุ้งกุลาดำ,86,ชุมพร,450,831,1847,7112565
31,2563,1,กุ้งกุลาดำ,85,ระนอง,296,460,1554,7112565
32,2563,1,กุ้งกุลาดำ,84,สุราษฎร์ธานี,424,685,1616,7112565
33,2563,1,กุ้งกุลาดำ,82,พังงา,2174,2937,1351,7112565
34,2563,1,กุ้งกุลาดำ,83,ภูเก็ต,625,1397,2235,7112565
35,2563,1,กุ้งกุลาดำ,81,กระบี่,2327,2772,1191,7112565
36,2563,1,กุ้งกุลาดำ,92,ตรัง,479,830,1733,7112565
37,2563,1,กุ้งกุลาดำ,80,นครศรีธรรมราช,99,120,1212,7112565
38,2563,1,กุ้งกุลาดำ,93,พัทลุง,11,15,1364,7112565
39,2563,1,กุ้งกุลาดำ,90,สงขลา,435,534,1228,7112565
40,2563,1,กุ้งกุลาดำ,91,สตูล,259,531,2050,7112565
41,2563,1,กุ้งกุลาดำ,94,ปัตตานี,31,47,1516,7112565
42,2563,1,กุ้งกุลาดำ,96,นราธิวาส,9,12,1333,7112565
43,2562,1,กุ้งกุลาดำ,24,ฉะเชิงเทรา ,240,251,1045,23092564
44,2562,1,กุ้งกุลาดำ,22,จันทบุรี,560,909,1623,23092564
45,2562,1,กุ้งกุลาดำ,23,ตราด,27,29,1067,23092564
46,2562,1,กุ้งกุลาดำ,21,ระยอง,57,74,1290,23092564
47,2562,1,กุ้งกุลาดำ,75,สมุทรสงคราม,23,34,1454,23092564
48,2562,1,กุ้งกุลาดำ,76,เพชรบุรี,32,31,981,23092564
49,2562,1,กุ้งกุลาดำ,77,ประจวบคีรีขันธ์,752,1084,1441,23092564
50,2562,1,กุ้งกุลาดำ,86,ชุมพร ,1057,1238,1171,23092564
51,2562,1,กุ้งกุลาดำ,85,ระนอง,436,550,1262,23092564
52,2562,1,กุ้งกุลาดำ,84,สุราษฎร์ธานี ,512,819,1600,23092564
53,2562,1,กุ้งกุลาดำ,82,พังงา ,2159,2870,1330,23092564
54,2562,1,กุ้งกุลาดำ,83,ภูเก็ต,875,1496,1710,23092564
55,2562,1,กุ้งกุลาดำ,81,กระบี่,2409,3032,1258,23092564
56,2562,1,กุ้งกุลาดำ,92,ตรัง,650,922,1418,23092564
57,2562,1,กุ้งกุลาดำ,80,นครศรีธรรมราช ,95,114,1206,23092564
58,2562,1,กุ้งกุลาดำ,93,พัทลุง,17,24,1412,23092564
59,2562,1,กุ้งกุลาดำ,90,สงขลา ,668,838,1254,23092564
60,2562,1,กุ้งกุลาดำ,91,สตูล,533,850,1595,23092564
61,2562,1,กุ้งกุลาดำ,94,ปัตตานี,62,79,1274,23092564
62,2562,1,กุ้งกุลาดำ,96,นราธิวาส,3,3,1000,23092564
63,2561,1,กุ้งกุลาดำ,24,ฉะเชิงเทรา,333,268,805,22062563
64,2561,1,กุ้งกุลาดำ,22,จันทบุรี,114,183,1605,22062563
65,2561,1,กุ้งกุลาดำ,23,ตราด,38,43,1132,22062563
66,2561,1,กุ้งกุลาดำ,21,ระยอง,70,95,1357,22062563
67,2561,1,กุ้งกุลาดำ,74,สมุทรสาคร,8,11,1375,22062563
68,2561,1,กุ้งกุลาดำ,76,เพชรบุรี,67,88,1313,22062563
69,2561,1,กุ้งกุลาดำ,77,ประจวบคีรีขันธ์,570,764,1340,22062563
70,2561,1,กุ้งกุลาดำ,86,ชุมพร,999,1112,1113,22062563
71,2561,1,กุ้งกุลาดำ,85,ระนอง,717,974,1358,22062563
72,2561,1,กุ้งกุลาดำ,84,สุราษฎร์ธานี,493,732,1485,22062563
73,2561,1,กุ้งกุลาดำ,82,พังงา,1992,2808,1410,22062563
74,2561,1,กุ้งกุลาดำ,83,ภูเก็ต,695,1049,1509,22062563
75,2561,1,กุ้งกุลาดำ,81,กระบี่,2398,2756,1149,22062563
76,2561,1,กุ้งกุลาดำ,92,ตรัง,624,878,1407,22062563
77,2561,1,กุ้งกุลาดำ,80,นครศรีธรรมราช,104,124,1192,22062563
78,2561,1,กุ้งกุลาดำ,93,พัทลุง,11,15,1364,22062563
79,2561,1,กุ้งกุลาดำ,90,สงขลา,594,576,970,22062563
80,2561,1,กุ้งกุลาดำ,91,สตูล,696,1214,1744,22062563
81,2561,1,กุ้งกุลาดำ,94,ปัตตานี,185,152,822,22062563
82,2561,1,กุ้งกุลาดำ,96,นราธิวาส,4,4,1000,22062563
83,2560,1,กุ้งกุลาดำ,24,ฉะเชิงเทรา,345,404,1171,25032562
84,2560,1,กุ้งกุลาดำ,22,จันทบุรี,115,109,948,25032562
85,2560,1,กุ้งกุลาดำ,23,ตราด,35,29,829,25032562
86,2560,1,กุ้งกุลาดำ,21,ระยอง,65,87,1338,25032562
87,2560,1,กุ้งกุลาดำ,77,ประจวบคีรีขันธ์,395,490,1241,25032562
88,2560,1,กุ้งกุลาดำ,86,ชุมพร,929,906,975,25032562
89,2560,1,กุ้งกุลาดำ,85,ระนอง,691,922,1334,25032562
90,2560,1,กุ้งกุลาดำ,84,สุราษฎร์ธานี,310,360,1161,25032562
91,2560,1,กุ้งกุลาดำ,82,พังงา,1660,2008,1210,25032562
92,2560,1,กุ้งกุลาดำ,83,ภูเก็ต,658,1028,1562,25032562
93,2560,1,กุ้งกุลาดำ,81,กระบี่,2190,2215,1011,25032562
94,2560,1,กุ้งกุลาดำ,92,ตรัง,600,814,1357,25032562
95,2560,1,กุ้งกุลาดำ,80,นครศรีธรรมราช,89,92,1034,25032562
96,2560,1,กุ้งกุลาดำ,93,พัทลุง,6,8,1333,25032562
97,2560,1,กุ้งกุลาดำ,90,สงขลา,495,384,776,25032562
98,2560,1,กุ้งกุลาดำ,91,สตูล,590,860,1458,25032562
99,2560,1,กุ้งกุลาดำ,94,ปัตตานี,190,254,1337,25032562
100,2559,1,กุ้งกุลาดำ,24,ฉะเชิงเทรา,168,153,911,26062561
101,2559,1,กุ้งกุลาดำ,22,จันทบุรี,139,123,885,26062561
102,2559,1,กุ้งกุลาดำ,23,ตราด,28,22,786,26062561
103,2559,1,กุ้งกุลาดำ,21,ระยอง,62,82,1323,26062561
104,2559,1,กุ้งกุลาดำ,77,ประจวบคีรีขันธ์,287,287,1000,26062561
105,2559,1,กุ้งกุลาดำ,86,ชุมพร,912,899,986,26062561
106,2559,1,กุ้งกุลาดำ,85,ระนอง ,689,915,1328,26062561
107,2559,1,กุ้งกุลาดำ,84,สุราษฎร์ธานี,395,355,899,26062561
108,2559,1,กุ้งกุลาดำ,82,พังงา,1447,1475,1019,26062561
109,2559,1,กุ้งกุลาดำ,83,ภูเก็ต,650,1014,1560,26062561
110,2559,1,กุ้งกุลาดำ,81,กระบี่,1879,1859,989,26062561
111,2559,1,กุ้งกุลาดำ,92,ตรัง  ,1051,1414,1345,26062561
112,2559,1,กุ้งกุลาดำ,80,นครศรีธรรมราช,104,120,1154,26062561
113,2559,1,กุ้งกุลาดำ,93,พัทลุง,16,16,1000,26062561
114,2559,1,กุ้งกุลาดำ,90,สงขลา,233,167,717,26062561
115,2559,1,กุ้งกุลาดำ,91,สตูล,912,1294,1419,26062561
116,2559,1,กุ้งกุลาดำ,94,ปัตตานี,187,249,1332,26062561
117,2558,1,กุ้งกุลาดำ,24,ฉะเชิงเทรา,78,70,897,8032560
118,2558,1,กุ้งกุลาดำ,22,จันทบุรี,119,104,874,8032560
119,2558,1,กุ้งกุลาดำ,23,ตราด,34,24,706,8032560
120,2558,1,กุ้งกุลาดำ,21,ระยอง,66,88,1333,8032560
121,2558,1,กุ้งกุลาดำ,77,ประจวบคีรีขันธ์,167,145,868,8032560
122,2558,1,กุ้งกุลาดำ,86,ชุมพร,1002,994,992,8032560
123,2558,1,กุ้งกุลาดำ,85,ระนอง ,524,648,1237,8032560
124,2558,1,กุ้งกุลาดำ,84,สุราษฎร์ธานี,948,922,973,8032560
125,2558,1,กุ้งกุลาดำ,82,พังงา,607,594,979,8032560
126,2558,1,กุ้งกุลาดำ,83,ภูเก็ต,371,528,1423,8032560
127,2558,1,กุ้งกุลาดำ,81,กระบี่,1745,1625,931,8032560
128,2558,1,กุ้งกุลาดำ,92,ตรัง  ,1280,1770,1383,8032560
129,2558,1,กุ้งกุลาดำ,80,นครศรีธรรมราช,441,400,907,8032560
130,2558,1,กุ้งกุลาดำ,93,พัทลุง,17,18,1059,8032560
131,2558,1,กุ้งกุลาดำ,90,สงขลา,530,325,613,8032560
132,2558,1,กุ้งกุลาดำ,91,สตูล,631,870,1379,8032560
133,2558,1,กุ้งกุลาดำ,94,ปัตตานี,126,152,1206,8032560
134,2557,1,กุ้งกุลาดำ,24,ฉะเชิงเทรา,184,149,810,27102559
135,2557,1,กุ้งกุลาดำ,22,จันทบุรี  ,220,202,918,27102559
136,2557,1,กุ้งกุลาดำ,21,ระยอง,68,91,1338,27102559
137,2557,1,กุ้งกุลาดำ,77,ประจวบคีรีขันธ์,201,178,886,27102559
138,2557,1,กุ้งกุลาดำ,86,ชุมพร,1009,1019,1010,27102559
139,2557,1,กุ้งกุลาดำ,85,ระนอง,779,1012,1299,27102559
140,2557,1,กุ้งกุลาดำ,84,สุราษฎร์ธานี,951,920,967,27102559
141,2557,1,กุ้งกุลาดำ,82,พังงา,1011,1298,1284,27102559
142,2557,1,กุ้งกุลาดำ,83,ภูเก็ต,375,553,1475,27102559
143,2557,1,กุ้งกุลาดำ,81,กระบี่,2617,2463,941,27102559
144,2557,1,กุ้งกุลาดำ,92,ตรัง,1836,2851,1553,27102559
145,2557,1,กุ้งกุลาดำ,80,นครศรีธรรมราช,600,592,987,27102559
146,2557,1,กุ้งกุลาดำ,93,พัทลุง,12,19,1583,27102559
147,2557,1,กุ้งกุลาดำ,90,สงขลา,1002,808,806,27102559
148,2557,1,กุ้งกุลาดำ,91,สตูล,915,1309,1431,27102559
149,2557,1,กุ้งกุลาดำ,94,ปัตตานี,128,173,1352,27102559
150,2556,1,กุ้งกุลาดำ,24,ฉะเชิงเทรา,372,329,884,10012560
151,2556,1,กุ้งกุลาดำ,22,จันทบุรี  ,332,351,1057,10012560
152,2556,1,กุ้งกุลาดำ,23,ตราด   ,128,90,703,10012560
153,2556,1,กุ้งกุลาดำ,21,ระยอง,45,60,1333,10012560
154,2556,1,กุ้งกุลาดำ,77,ประจวบคีรีขันธ์,72,50,694,10012560
155,2556,1,กุ้งกุลาดำ,86,ชุมพร,873,838,960,10012560
156,2556,1,กุ้งกุลาดำ,85,ระนอง,259,293,1131,10012560
157,2556,1,กุ้งกุลาดำ,84,สุราษฎร์ธานี,822,607,738,10012560
158,2556,1,กุ้งกุลาดำ,82,พังงา,546,614,1125,10012560
159,2556,1,กุ้งกุลาดำ,83,ภูเก็ต,156,215,1378,10012560
160,2556,1,กุ้งกุลาดำ,81,กระบี่,3556,3392,954,10012560
161,2556,1,กุ้งกุลาดำ,92,ตรัง,1214,1726,1422,10012560
162,2556,1,กุ้งกุลาดำ,80,นครศรีธรรมราช,859,1136,1322,10012560
163,2556,1,กุ้งกุลาดำ,90,สงขลา,1042,900,864,10012560
164,2556,1,กุ้งกุลาดำ,91,สตูล,497,666,1340,10012560
165,2556,1,กุ้งกุลาดำ,94,ปัตตานี,122,149,1221,10012560
166,2555,1,กุ้งกุลาดำ,24,ฉะเชิงเทรา,745,730,980,26022559
167,2555,1,กุ้งกุลาดำ,22,จันทบุรี  ,661,727,1100,26022559
168,2555,1,กุ้งกุลาดำ,23,ตราด   ,216,218,1009,26022559
169,2555,1,กุ้งกุลาดำ,21,ระยอง,38,38,1000,26022559
170,2555,1,กุ้งกุลาดำ,77,ประจวบคีรีขันธ์,80,74,925,26022559
171,2555,1,กุ้งกุลาดำ,86,ชุมพร,1517,1978,1304,26022559
172,2555,1,กุ้งกุลาดำ,85,ระนอง,696,831,1194,26022559
173,2555,1,กุ้งกุลาดำ,84,สุราษฎร์ธานี,1922,1483,772,26022559
174,2555,1,กุ้งกุลาดำ,82,พังงา,1199,1451,1210,26022559
175,2555,1,กุ้งกุลาดำ,83,ภูเก็ต,150,212,1413,26022559
176,2555,1,กุ้งกุลาดำ,81,กระบี่,5409,4879,902,26022559
177,2555,1,กุ้งกุลาดำ,92,ตรัง,1285,1705,1327,26022559
178,2555,1,กุ้งกุลาดำ,80,นครศรีธรรมราช,701,956,1364,26022559
179,2555,1,กุ้งกุลาดำ,90,สงขลา,885,848,958,26022559
180,2555,1,กุ้งกุลาดำ,91,สตูล,365,469,1285,26022559
181,2555,1,กุ้งกุลาดำ,94,ปัตตานี,387,465,1202,26022559
182,2546,1,กุ้งกุลาดำ,10,กรุงเทพมหานคร,6757,1049,155,
183,2546,1,กุ้งกุลาดำ,13,ปทุมธานี,913,951,1042,
184,2546,1,กุ้งกุลาดำ,26,นครนายก,7066,3483,493,
185,2546,1,กุ้งกุลาดำ,25,ปราจีนบุรี,8039,5895,733,
186,2546,1,กุ้งกุลาดำ,24,ฉะเชิงเทรา,26102,20124,771,
187,2546,1,กุ้งกุลาดำ,22,จันทบุรี,28706,21526,750,
188,2546,1,กุ้งกุลาดำ,23,ตราด,11469,8354,728,
189,2546,1,กุ้งกุลาดำ,21,ระยอง,2445,1433,586,
190,2546,1,กุ้งกุลาดำ,20,ชลบุรี,11421,4759,417,
191,2546,1,กุ้งกุลาดำ,11,สมุทรปราการ,27447,11111,405,
192,2546,1,กุ้งกุลาดำ,74,สมุทรสาคร,7337,5045,688,
193,2546,1,กุ้งกุลาดำ,73,นครปฐม,17167,18160,1058,
194,2546,1,กุ้งกุลาดำ,70,ราชบุรี,10827,8666,800,
195,2546,1,กุ้งกุลาดำ,75,สมุทรสงคราม,10022,4351,434,
196,2546,1,กุ้งกุลาดำ,76,เพชรบุรี,6749,4238,628,
197,2546,1,กุ้งกุลาดำ,77,ประจวบคีรีขันธ์,1556,675,434,
198,2546,1,กุ้งกุลาดำ,86,ชุมพร,2886,2150,745,
199,2546,1,กุ้งกุลาดำ,85,ระนอง,1845,930,504,
200,2546,1,กุ้งกุลาดำ,84,สุราษฎร์ธานี,17333,7443,429,
201,2546,1,กุ้งกุลาดำ,82,พังงา,3872,2647,684,
202,2546,1,กุ้งกุลาดำ,83,ภูเก็ต,2429,2218,913,
203,2546,1,กุ้งกุลาดำ,81,กระบี่,6788,3733,550,
204,2546,1,กุ้งกุลาดำ,92,ตรัง,5882,4143,704,
205,2546,1,กุ้งกุลาดำ,80,นครศรีธรรมราช,59059,25846,438,
206,2546,1,กุ้งกุลาดำ,93,พัทลุง,674,604,896,
207,2546,1,กุ้งกุลาดำ,90,สงขลา,13135,10205,777,
208,2546,1,กุ้งกุลาดำ,91,สตูล,1556,1844,1185,
209,2546,1,กุ้งกุลาดำ,94,ปัตตานี,4783,3161,661,
210,2545,1,กุ้งกุลาดำ,10,กรุงเทพมหานคร,6957,1014,146,
211,2545,1,กุ้งกุลาดำ,13,ปทุมธานี,1764,1529,867,
212,2545,1,กุ้งกุลาดำ,26,นครนายก,11155,7463,669,
213,2545,1,กุ้งกุลาดำ,25,ปราจีนบุรี,24111,17583,729,
214,2545,1,กุ้งกุลาดำ,24,ฉะเชิงเทรา,34803,17047,490,
215,2545,1,กุ้งกุลาดำ,22,จันทบุรี,41168,32894,799,
216,2545,1,กุ้งกุลาดำ,23,ตราด,22939,14785,645,
217,2545,1,กุ้งกุลาดำ,21,ระยอง,2934,1610,549,
218,2545,1,กุ้งกุลาดำ,20,ชลบุรี,13597,4602,338,
219,2545,1,กุ้งกุลาดำ,11,สมุทรปราการ,32816,11539,352,
220,2545,1,กุ้งกุลาดำ,74,สมุทรสาคร,7530,5529,734,
221,2545,1,กุ้งกุลาดำ,73,นครปฐม,37688,29997,796,
222,2545,1,กุ้งกุลาดำ,70,ราชบุรี,18046,10261,569,
223,2545,1,กุ้งกุลาดำ,75,สมุทรสงคราม,10208,6720,658,
224,2545,1,กุ้งกุลาดำ,76,เพชรบุรี,7473,6725,900,
225,2545,1,กุ้งกุลาดำ,77,ประจวบคีรีขันธ์,7875,4644,590,
226,2545,1,กุ้งกุลาดำ,86,ชุมพร,11992,8683,724,
227,2545,1,กุ้งกุลาดำ,85,ระนอง,1757,1265,720,
228,2545,1,กุ้งกุลาดำ,84,สุราษฎร์ธานี,25813,11465,444,
229,2545,1,กุ้งกุลาดำ,82,พังงา,4352,2828,650,
230,2545,1,กุ้งกุลาดำ,83,ภูเก็ต,2461,3613,1468,
231,2545,1,กุ้งกุลาดำ,81,กระบี่,8245,5445,660,
232,2545,1,กุ้งกุลาดำ,92,ตรัง,6722,4429,659,
233,2545,1,กุ้งกุลาดำ,80,นครศรีธรรมราช,59638,17343,291,
234,2545,1,กุ้งกุลาดำ,93,พัทลุง,759,598,788,
235,2545,1,กุ้งกุลาดำ,90,สงขลา,15325,10514,686,
236,2545,1,กุ้งกุลาดำ,91,สตูล,1586,2188,1380,
237,2545,1,กุ้งกุลาดำ,94,ปัตตานี,5394,2634,488,
238,2564,2,กุ้งขาวแวนนาไม,25,ปราจีนบุรี,14810,8149,550,3102565
239,2564,2,กุ้งขาวแวนนาไม,24,ฉะเชิงเทรา,24882,24882,1000,3102565
240,2564,2,กุ้งขาวแวนนาไม,22,จันทบุรี,15095,26037,1725,3102565
241,2564,2,กุ้งขาวแวนนาไม,23,ตราด,7076,21181,2993,3102565
242,2564,2,กุ้งขาวแวนนาไม,21,ระยอง,4921,9020,1833,3102565
243,2564,2,กุ้งขาวแวนนาไม,20,ชลบุรี,3983,2119,532,3102565
244,2564,2,กุ้งขาวแวนนาไม,11,สมุทรปราการ,14795,7470,505,3102565
245,2564,2,กุ้งขาวแวนนาไม,10,กรุงเทพมหานคร,298,44,148,3102565
246,2564,2,กุ้งขาวแวนนาไม,74,สมุทรสาคร,10544,11734,1113,3102565
247,2564,2,กุ้งขาวแวนนาไม,75,สมุทรสงคราม,2164,3127,1445,3102565
248,2564,2,กุ้งขาวแวนนาไม,76,เพชรบุรี,11434,11720,1025,3102565
249,2564,2,กุ้งขาวแวนนาไม,77,ประจวบคีรีขันธ์,8737,25218,2886,3102565
250,2564,2,กุ้งขาวแวนนาไม,86,ชุมพร,5220,13460,2579,3102565
251,2564,2,กุ้งขาวแวนนาไม,85,ระนอง,2168,7628,3518,3102565
252,2564,2,กุ้งขาวแวนนาไม,84,สุราษฎร์ธานี,15030,41875,2786,3102565
253,2564,2,กุ้งขาวแวนนาไม,82,พังงา,4297,11191,2604,3102565
254,2564,2,กุ้งขาวแวนนาไม,83,ภูเก็ต,990,2722,2749,3102565
255,2564,2,กุ้งขาวแวนนาไม,81,กระบี่,4818,11070,2298,3102565
256,2564,2,กุ้งขาวแวนนาไม,80,นครศรีธรรมราช,15736,25233,1604,3102565
257,2564,2,กุ้งขาวแวนนาไม,92,ตรัง,6522,19607,3006,3102565
258,2564,2,กุ้งขาวแวนนาไม,93,พัทลุง,703,1376,1957,3102565
259,2564,2,กุ้งขาวแวนนาไม,90,สงขลา,7408,14288,1929,3102565
260,2564,2,กุ้งขาวแวนนาไม,91,สตูล,4062,8264,2034,3102565
261,2564,2,กุ้งขาวแวนนาไม,94,ปัตตานี,1291,2676,2073,3102565
262,2564,2,กุ้งขาวแวนนาไม,96,นราธิวาส,84,214,2548,3102565
263,2563,2,กุ้งขาวแวนนาไม,25,ปราจีนบุรี,15405,8088,525,3102565
264,2563,2,กุ้งขาวแวนนาไม,24,ฉะเชิงเทรา,23855,23545,987,3102565
265,2563,2,กุ้งขาวแวนนาไม,22,จันทบุรี,16730,25707,1537,3102565
266,2563,2,กุ้งขาวแวนนาไม,23,ตราด,7150,20030,2801,3102565
267,2563,2,กุ้งขาวแวนนาไม,21,ระยอง,5368,9228,1719,3102565
268,2563,2,กุ้งขาวแวนนาไม,20,ชลบุรี,3404,1923,565,3102565
269,2563,2,กุ้งขาวแวนนาไม,11,สมุทรปราการ,14509,7564,521,3102565
270,2563,2,กุ้งขาวแวนนาไม,10,กรุงเทพมหานคร,508,81,159,3102565
271,2563,2,กุ้งขาวแวนนาไม,74,สมุทรสาคร,10725,11349,1058,3102565
272,2563,2,กุ้งขาวแวนนาไม,75,สมุทรสงคราม,2248,3067,1364,3102565
273,2563,2,กุ้งขาวแวนนาไม,76,เพชรบุรี,9323,12135,1302,3102565
274,2563,2,กุ้งขาวแวนนาไม,77,ประจวบคีรีขันธ์,9148,26538,2901,3102565
275,2563,2,กุ้งขาวแวนนาไม,86,ชุมพร,5324,13188,2477,3102565
276,2563,2,กุ้งขาวแวนนาไม,85,ระนอง,2683,9006,3357,3102565
277,2563,2,กุ้งขาวแวนนาไม,84,สุราษฎร์ธานี,16162,40361,2497,3102565
278,2563,2,กุ้งขาวแวนนาไม,82,พังงา,4728,12608,2667,3102565
279,2563,2,กุ้งขาวแวนนาไม,83,ภูเก็ต,1075,1821,1694,3102565
280,2563,2,กุ้งขาวแวนนาไม,81,กระบี่,5169,11267,2180,3102565
281,2563,2,กุ้งขาวแวนนาไม,80,นครศรีธรรมราช,15928,27317,1715,3102565
282,2563,2,กุ้งขาวแวนนาไม,92,ตรัง,6766,21516,3180,3102565
283,2563,2,กุ้งขาวแวนนาไม,93,พัทลุง,737,1493,2026,3102565
284,2563,2,กุ้งขาวแวนนาไม,90,สงขลา,7741,15412,1991,3102565
285,2563,2,กุ้งขาวแวนนาไม,91,สตูล,4237,7432,1754,3102565
286,2563,2,กุ้งขาวแวนนาไม,94,ปัตตานี,1403,2762,1969,3102565
287,2563,2,กุ้งขาวแวนนาไม,96,นราธิวาส,153,258,1686,3102565
288,2562,2,กุ้งขาวแวนนาไม,25,ปราจีนบุรี,15267,8718,571,23092564
289,2562,2,กุ้งขาวแวนนาไม,24,ฉะเชิงเทรา,23224,27767,1196,23092564
290,2562,2,กุ้งขาวแวนนาไม,22,จันทบุรี,17849,29499,1653,23092564
291,2562,2,กุ้งขาวแวนนาไม,23,ตราด,7323,21859,2985,23092564
292,2562,2,กุ้งขาวแวนนาไม,21,ระยอง,6167,10102,1638,23092564
293,2562,2,กุ้งขาวแวนนาไม,20,ชลบุรี,2371,1448,611,23092564
294,2562,2,กุ้งขาวแวนนาไม,11,สมุทรปราการ,5720,3338,584,23092564
295,2562,2,กุ้งขาวแวนนาไม,74,สมุทรสาคร,9157,10480,1144,23092564
296,2562,2,กุ้งขาวแวนนาไม,75,สมุทรสงคราม,2020,2884,1428,23092564
297,2562,2,กุ้งขาวแวนนาไม,76,เพชรบุรี,6222,10005,1608,23092564
298,2562,2,กุ้งขาวแวนนาไม,77,ประจวบคีรีขันธ์,9056,25918,2862,23092564
299,2562,2,กุ้งขาวแวนนาไม,86,ชุมพร,6068,13463,2219,23092564
300,2562,2,กุ้งขาวแวนนาไม,85,ระนอง,2646,8210,3103,23092564
301,2562,2,กุ้งขาวแวนนาไม,84,สุราษฎร์ธานี,16379,39419,2407,23092564
302,2562,2,กุ้งขาวแวนนาไม,82,พังงา,4513,11183,2478,23092564
303,2562,2,กุ้งขาวแวนนาไม,83,ภูเก็ต,1132,1730,1528,23092564
304,2562,2,กุ้งขาวแวนนาไม,81,กระบี่,5081,10740,2114,23092564
305,2562,2,กุ้งขาวแวนนาไม,92,ตรัง,6881,20971,3048,23092564
306,2562,2,กุ้งขาวแวนนาไม,80,นครศรีธรรมราช,15877,28244,1779,23092564
307,2562,2,กุ้งขาวแวนนาไม,93,พัทลุง,695,1576,2268,23092564
308,2562,2,กุ้งขาวแวนนาไม,90,สงขลา,8381,16092,1920,23092564
309,2562,2,กุ้งขาวแวนนาไม,91,สตูล,4482,7624,1701,23092564
310,2562,2,กุ้งขาวแวนนาไม,94,ปัตตานี,1472,2860,1943,23092564
311,2562,2,กุ้งขาวแวนนาไม,96,นราธิวาส,186,371,1995,23092564
312,2561,2,กุ้งขาวแวนนาไม,25,ปราจีนบุรี,14716,9923,674,23092564
313,2561,2,กุ้งขาวแวนนาไม,24,ฉะเชิงเทรา,21241,24803,1168,23092564
314,2561,2,กุ้งขาวแวนนาไม,22,จันทบุรี,18328,30556,1667,23092564
315,2561,2,กุ้งขาวแวนนาไม,23,ตราด,7573,23573,3113,23092564
316,2561,2,กุ้งขาวแวนนาไม,21,ระยอง,6501,10974,1688,23092564
317,2561,2,กุ้งขาวแวนนาไม,20,ชลบุรี,2283,1409,617,23092564
318,2561,2,กุ้งขาวแวนนาไม,11,สมุทรปราการ,5265,3049,579,23092564
319,2561,2,กุ้งขาวแวนนาไม,74,สมุทรสาคร,9027,10134,1123,23092564
320,2561,2,กุ้งขาวแวนนาไม,75,สมุทรสงคราม,1971,2621,1330,23092564
321,2561,2,กุ้งขาวแวนนาไม,76,เพชรบุรี,5841,8834,1512,23092564
322,2561,2,กุ้งขาวแวนนาไม,77,ประจวบคีรีขันธ์,8188,21987,2685,23092564
323,2561,2,กุ้งขาวแวนนาไม,86,ชุมพร,6176,13969,2262,23092564
324,2561,2,กุ้งขาวแวนนาไม,85,ระนอง ,3028,8759,2893,23092564
325,2561,2,กุ้งขาวแวนนาไม,84,สุราษฎร์ธานี ,16844,40625,2412,23092564
326,2561,2,กุ้งขาวแวนนาไม,82,พังงา,4417,10763,2437,23092564
327,2561,2,กุ้งขาวแวนนาไม,83,ภูเก็ต,1141,1836,1609,23092564
328,2561,2,กุ้งขาวแวนนาไม,81,กระบี่,4985,10040,2014,23092564
329,2561,2,กุ้งขาวแวนนาไม,92,ตรัง  ,7026,22518,3205,23092564
330,2561,2,กุ้งขาวแวนนาไม,80,นครศรีธรรมราช,13622,18010,1322,23092564
331,2561,2,กุ้งขาวแวนนาไม,93,พัทลุง,620,1349,2176,23092564
332,2561,2,กุ้งขาวแวนนาไม,90,สงขลา,8883,17145,1930,23092564
333,2561,2,กุ้งขาวแวนนาไม,91,สตูล,4819,8123,1686,23092564
334,2561,2,กุ้งขาวแวนนาไม,94,ปัตตานี,1501,2971,1979,23092564
335,2561,2,กุ้งขาวแวนนาไม,96,นราธิวาส,229,375,1638,23092564
336,2560,2,กุ้งขาวแวนนาไม,25,ปราจีนบุรี,12471,8435,676,23092564
337,2560,2,กุ้งขาวแวนนาไม,24,ฉะเชิงเทรา,20430,24069,1178,23092564
338,2560,2,กุ้งขาวแวนนาไม,22,จันทบุรี,19014,35500,1867,23092564
339,2560,2,กุ้งขาวแวนนาไม,23,ตราด,7842,23317,2973,23092564
340,2560,2,กุ้งขาวแวนนาไม,21,ระยอง,6565,11482,1749,23092564
341,2560,2,กุ้งขาวแวนนาไม,20,ชลบุรี,2352,1476,628,23092564
342,2560,2,กุ้งขาวแวนนาไม,11,สมุทรปราการ,5311,3120,587,23092564
343,2560,2,กุ้งขาวแวนนาไม,74,สมุทรสาคร,9796,11423,1166,23092564
344,2560,2,กุ้งขาวแวนนาไม,75,สมุทรสงคราม,1307,1771,1355,23092564
345,2560,2,กุ้งขาวแวนนาไม,76,เพชรบุรี,5367,8074,1504,23092564
346,2560,2,กุ้งขาวแวนนาไม,77,ประจวบคีรีขันธ์,7271,18178,2500,23092564
347,2560,2,กุ้งขาวแวนนาไม,86,ชุมพร,5822,12806,2200,23092564
348,2560,2,กุ้งขาวแวนนาไม,85,ระนอง ,3366,9950,2956,23092564
349,2560,2,กุ้งขาวแวนนาไม,84,สุราษฎร์ธานี ,17505,40103,2291,23092564
350,2560,2,กุ้งขาวแวนนาไม,82,พังงา,4295,10000,2328,23092564
351,2560,2,กุ้งขาวแวนนาไม,83,ภูเก็ต,1086,1787,1645,23092564
352,2560,2,กุ้งขาวแวนนาไม,81,กระบี่,5035,10243,2034,23092564
353,2560,2,กุ้งขาวแวนนาไม,92,ตรัง  ,6992,22311,3191,23092564
354,2560,2,กุ้งขาวแวนนาไม,80,นครศรีธรรมราช,13476,17210,1277,23092564
355,2560,2,กุ้งขาวแวนนาไม,93,พัทลุง,686,1399,2039,23092564
356,2560,2,กุ้งขาวแวนนาไม,90,สงขลา,9075,17896,1972,23092564
357,2560,2,กุ้งขาวแวนนาไม,91,สตูล,4737,7917,1671,23092564
358,2560,2,กุ้งขาวแวนนาไม,94,ปัตตานี,1477,3146,2130,23092564
359,2560,2,กุ้งขาวแวนนาไม,96,นราธิวาส,164,252,1537,23092564
360,2559,2,กุ้งขาวแวนนาไม,25,ปราจีนบุรี,10825,6952,642,23092564
361,2559,2,กุ้งขาวแวนนาไม,24,ฉะเชิงเทรา,18733,19736,1054,23092564
362,2559,2,กุ้งขาวแวนนาไม,22,จันทบุรี,18963,35233,1858,23092564
363,2559,2,กุ้งขาวแวนนาไม,23,ตราด,8524,22702,2663,23092564
364,2559,2,กุ้งขาวแวนนาไม,21,ระยอง,6520,11118,1705,23092564
365,2559,2,กุ้งขาวแวนนาไม,20,ชลบุรี,2211,1369,619,23092564
366,2559,2,กุ้งขาวแวนนาไม,11,สมุทรปราการ,5214,2982,572,23092564
367,2559,2,กุ้งขาวแวนนาไม,74,สมุทรสาคร,9622,10320,1073,23092564
368,2559,2,กุ้งขาวแวนนาไม,75,สมุทรสงคราม,1276,1566,1227,23092564
369,2559,2,กุ้งขาวแวนนาไม,76,เพชรบุรี,5209,7105,1364,23092564
370,2559,2,กุ้งขาวแวนนาไม,77,ประจวบคีรีขันธ์,7164,15735,2196,23092564
371,2559,2,กุ้งขาวแวนนาไม,86,ชุมพร,5763,12988,2254,23092564
372,2559,2,กุ้งขาวแวนนาไม,85,ระนอง ,3476,8912,2564,23092564
373,2559,2,กุ้งขาวแวนนาไม,84,สุราษฎร์ธานี ,17209,39581,2300,23092564
374,2559,2,กุ้งขาวแวนนาไม,82,พังงา,4217,8565,2031,23092564
375,2559,2,กุ้งขาวแวนนาไม,83,ภูเก็ต,1040,1834,1763,23092564
376,2559,2,กุ้งขาวแวนนาไม,81,กระบี่,4865,10469,2152,23092564
377,2559,2,กุ้งขาวแวนนาไม,92,ตรัง  ,6135,16854,2747,23092564
378,2559,2,กุ้งขาวแวนนาไม,80,นครศรีธรรมราช,12946,15040,1162,23092564
379,2559,2,กุ้งขาวแวนนาไม,93,พัทลุง,528,1065,2017,23092564
380,2559,2,กุ้งขาวแวนนาไม,90,สงขลา,8694,15548,1788,23092564
381,2559,2,กุ้งขาวแวนนาไม,91,สตูล,5586,9410,1685,23092564
382,2559,2,กุ้งขาวแวนนาไม,94,ปัตตานี,1418,2990,2109,23092564
383,2559,2,กุ้งขาวแวนนาไม,96,นราธิวาส,156,312,2000,23092564
384,2558,2,กุ้งขาวแวนนาไม,25,ปราจีนบุรี,7494,4792,639,23092564
385,2558,2,กุ้งขาวแวนนาไม,24,ฉะเชิงเทรา,18475,19306,1045,23092564
386,2558,2,กุ้งขาวแวนนาไม,22,จันทบุรี,18816,33492,1780,23092564
387,2558,2,กุ้งขาวแวนนาไม,23,ตราด,9005,22545,2504,23092564
388,2558,2,กุ้งขาวแวนนาไม,21,ระยอง,6642,10694,1610,23092564
389,2558,2,กุ้งขาวแวนนาไม,20,ชลบุรี,2081,1259,605,23092564
390,2558,2,กุ้งขาวแวนนาไม,11,สมุทรปราการ,5407,3123,578,23092564
391,2558,2,กุ้งขาวแวนนาไม,74,สมุทรสาคร,9969,10691,1072,23092564
392,2558,2,กุ้งขาวแวนนาไม,75,สมุทรสงคราม,1058,1227,1160,23092564
393,2558,2,กุ้งขาวแวนนาไม,76,เพชรบุรี,4610,6069,1316,23092564
394,2558,2,กุ้งขาวแวนนาไม,77,ประจวบคีรีขันธ์,6052,12104,2000,23092564
395,2558,2,กุ้งขาวแวนนาไม,86,ชุมพร,5110,10147,1986,23092564
396,2558,2,กุ้งขาวแวนนาไม,85,ระนอง ,3608,10485,2906,23092564
397,2558,2,กุ้งขาวแวนนาไม,84,สุราษฎร์ธานี ,14078,26453,1879,23092564
398,2558,2,กุ้งขาวแวนนาไม,82,พังงา,4110,8314,2023,23092564
399,2558,2,กุ้งขาวแวนนาไม,83,ภูเก็ต,797,1325,1662,23092564
400,2558,2,กุ้งขาวแวนนาไม,81,กระบี่,3727,7755,2081,23092564
401,2558,2,กุ้งขาวแวนนาไม,92,ตรัง  ,4787,11030,2304,23092564
402,2558,2,กุ้งขาวแวนนาไม,80,นครศรีธรรมราช,12433,14327,1152,23092564
403,2558,2,กุ้งขาวแวนนาไม,93,พัทลุง,560,1078,1925,23092564
404,2558,2,กุ้งขาวแวนนาไม,90,สงขลา,7560,12126,1604,23092564
405,2558,2,กุ้งขาวแวนนาไม,91,สตูล,5600,9526,1701,23092564
406,2558,2,กุ้งขาวแวนนาไม,94,ปัตตานี,1314,2597,1976,23092564
407,2558,2,กุ้งขาวแวนนาไม,96,นราธิวาส,158,199,1259,23092564
408,2557,2,กุ้งขาวแวนนาไม,25,ปราจีนบุรี,4735,4408,931,27102559
409,2557,2,กุ้งขาวแวนนาไม,24,ฉะเชิงเทรา,18002,18409,1023,27102559
410,2557,2,กุ้งขาวแวนนาไม,22,จันทบุรี  ,19825,34455,1738,27102559
411,2557,2,กุ้งขาวแวนนาไม,23,ตราด   ,9266,21400,2310,27102559
412,2557,2,กุ้งขาวแวนนาไม,21,ระยอง,6514,9894,1519,27102559
413,2557,2,กุ้งขาวแวนนาไม,20,ชลบุรี,2107,1321,627,27102559
414,2557,2,กุ้งขาวแวนนาไม,11,สมุทรปราการ,5733,3348,584,27102559
415,2557,2,กุ้งขาวแวนนาไม,74,สมุทรสาคร,9952,10440,1049,27102559
416,2557,2,กุ้งขาวแวนนาไม,75,สมุทรสงคราม,1089,1296,1190,27102559
417,2557,2,กุ้งขาวแวนนาไม,76,เพชรบุรี,4961,6584,1327,27102559
418,2557,2,กุ้งขาวแวนนาไม,77,ประจวบคีรีขันธ์,6743,13069,1938,27102559
419,2557,2,กุ้งขาวแวนนาไม,86,ชุมพร,4787,8253,1724,27102559
420,2557,2,กุ้งขาวแวนนาไม,85,ระนอง,3459,8252,2386,27102559
421,2557,2,กุ้งขาวแวนนาไม,84,สุราษฎร์ธานี,11462,18202,1588,27102559
422,2557,2,กุ้งขาวแวนนาไม,82,พังงา,4165,7728,1855,27102559
423,2557,2,กุ้งขาวแวนนาไม,83,ภูเก็ต,897,1829,2039,27102559
424,2557,2,กุ้งขาวแวนนาไม,81,กระบี่,3696,6198,1677,27102559
425,2557,2,กุ้งขาวแวนนาไม,92,ตรัง,4660,8368,1796,27102559
426,2557,2,กุ้งขาวแวนนาไม,80,นครศรีธรรมราช,11895,13299,1118,27102559
427,2557,2,กุ้งขาวแวนนาไม,93,พัทลุง,423,679,1605,27102559
428,2557,2,กุ้งขาวแวนนาไม,90,สงขลา,7742,13348,1724,27102559
429,2557,2,กุ้งขาวแวนนาไม,91,สตูล,5741,8488,1478,27102559
430,2557,2,กุ้งขาวแวนนาไม,94,ปัตตานี,1271,2010,1581,27102559
431,2557,2,กุ้งขาวแวนนาไม,96,นราธิวาส,180,172,956,27102559
432,2556,2,กุ้งขาวแวนนาไม,25,ปราจีนบุรี,4608,3803,825,10012560
433,2556,2,กุ้งขาวแวนนาไม,24,ฉะเชิงเทรา,16011,14554,909,10012560
434,2556,2,กุ้งขาวแวนนาไม,22,จันทบุรี,21205,33451,1578,10012560
435,2556,2,กุ้งขาวแวนนาไม,23,ตราด,9630,20878,2168,10012560
436,2556,2,กุ้งขาวแวนนาไม,21,ระยอง,7206,10798,1498,10012560
437,2556,2,กุ้งขาวแวนนาไม,20,ชลบุรี,2093,1231,588,10012560
438,2556,2,กุ้งขาวแวนนาไม,11,สมุทรปราการ,5865,3594,613,10012560
439,2556,2,กุ้งขาวแวนนาไม,74,สมุทรสาคร,9690,9945,1026,10012560
440,2556,2,กุ้งขาวแวนนาไม,75,สมุทรสงคราม,996,1148,1153,10012560
441,2556,2,กุ้งขาวแวนนาไม,76,เพชรบุรี,5422,6825,1259,10012560
442,2556,2,กุ้งขาวแวนนาไม,77,ประจวบคีรีขันธ์,7907,15952,2017,10012560
443,2556,2,กุ้งขาวแวนนาไม,86,ชุมพร,8474,17875,2109,10012560
444,2556,2,กุ้งขาวแวนนาไม,85,ระนอง ,3722,11237,3019,10012560
445,2556,2,กุ้งขาวแวนนาไม,84,สุราษฎร์ธานี,15925,29159,1831,10012560
446,2556,2,กุ้งขาวแวนนาไม,82,พังงา,6144,14382,2341,10012560
447,2556,2,กุ้งขาวแวนนาไม,83,ภูเก็ต,1078,2658,2466,10012560
448,2556,2,กุ้งขาวแวนนาไม,81,กระบี่,5770,12130,2102,10012560
449,2556,2,กุ้งขาวแวนนาไม,92,ตรัง  ,7308,16724,2288,10012560
450,2556,2,กุ้งขาวแวนนาไม,80,นครศรีธรรมราช,14927,17670,1184,10012560
451,2556,2,กุ้งขาวแวนนาไม,93,พัทลุง,481,962,2000,10012560
452,2556,2,กุ้งขาวแวนนาไม,90,สงขลา,7586,12712,1676,10012560
453,2556,2,กุ้งขาวแวนนาไม,91,สตูล,7005,16515,2358,10012560
454,2556,2,กุ้งขาวแวนนาไม,94,ปัตตานี,1197,1891,1580,10012560
455,2556,2,กุ้งขาวแวนนาไม,96,นราธิวาส,120,242,2017,10012560
456,2555,2,กุ้งขาวแวนนาไม,10,กรุงเทพมหานคร,45,17,378,26022559
457,2555,2,กุ้งขาวแวนนาไม,25,ปราจีนบุรี,6827,6891,1009,26022559
458,2555,2,กุ้งขาวแวนนาไม,24,ฉะเชิงเทรา,20396,21225,1041,26022559
459,2555,2,กุ้งขาวแวนนาไม,22,จันทบุรี  ,25843,60628,2346,26022559
460,2555,2,กุ้งขาวแวนนาไม,23,ตราด   ,12208,37936,3107,26022559
461,2555,2,กุ้งขาวแวนนาไม,21,ระยอง,9543,25110,2631,26022559
462,2555,2,กุ้งขาวแวนนาไม,20,ชลบุรี,2563,1184,462,26022559
463,2555,2,กุ้งขาวแวนนาไม,11,สมุทรปราการ,8347,4185,501,26022559
464,2555,2,กุ้งขาวแวนนาไม,74,สมุทรสาคร,11373,19393,1705,26022559
465,2555,2,กุ้งขาวแวนนาไม,75,สมุทรสงคราม,842,1184,1406,26022559
466,2555,2,กุ้งขาวแวนนาไม,76,เพชรบุรี,6150,11475,1866,26022559
467,2555,2,กุ้งขาวแวนนาไม,77,ประจวบคีรีขันธ์,15813,40670,2572,26022559
468,2555,2,กุ้งขาวแวนนาไม,86,ชุมพร,10454,27801,2659,26022559
469,2555,2,กุ้งขาวแวนนาไม,85,ระนอง,3845,12645,3289,26022559
470,2555,2,กุ้งขาวแวนนาไม,84,สุราษฎร์ธานี,21600,64820,3001,26022559
471,2555,2,กุ้งขาวแวนนาไม,82,พังงา,8357,22304,2669,26022559
472,2555,2,กุ้งขาวแวนนาไม,83,ภูเก็ต,1337,4095,3063,26022559
473,2555,2,กุ้งขาวแวนนาไม,81,กระบี่,7765,21542,2774,26022559
474,2555,2,กุ้งขาวแวนนาไม,92,ตรัง,9363,35821,3826,26022559
475,2555,2,กุ้งขาวแวนนาไม,80,นครศรีธรรมราช,22197,43470,1958,26022559
476,2555,2,กุ้งขาวแวนนาไม,93,พัทลุง,535,1179,2204,26022559
477,2555,2,กุ้งขาวแวนนาไม,90,สงขลา,13071,46749,3577,26022559
478,2555,2,กุ้งขาวแวนนาไม,91,สตูล,9611,33744,3511,26022559
479,2555,2,กุ้งขาวแวนนาไม,94,ปัตตานี,2616,8365,3198,26022559
480,2555,2,กุ้งขาวแวนนาไม,96,นราธิวาส,200,784,3920,26022559
